employeenumber,username,password
1,manuel_garcia,fafk21@
2,antonio_lim,hFmjDw7t
3,biancasofia_aquino,t4Q5DuHA
4,isabella_reyes,zaMR1vbA
5,eduard_hernandez,gPBAqASX
6,andreamae_villanueva,A4CeHGFz
7,brad_sanjose,yCbDp8PK
8,alice_romualdez,x7EUShjl
9,rosie_atienza,E9JymdJj
10,roderick_alvaro,aKMebILV
11,anthony_salcedo,cHRcjyXP
12,josie_lopez,7ZASyfXM
13,martha_farala,FMBqewoA
14,leila_martinez,fzw7aMvu
15,fredrick_romualdez,H5HIxpFB
16,christian_mata,OnG2gUBd
17,selena_deleon,67Hr6JqR
18,allison_sanjose,9gSSyBPz
19,cydney_rosario,4LedUTd6
20,mark_bautista,UDrBPFT6
21,darlene_lazaro,vexdNlgR
22,kolby_delossantos,4OtcS4lM
23,vella_santos,QxGY6bPi
24,tomas_delrosario,JdBoz9XW
25,jacklyn_tolentino,x4ZPanxY
26,percival_gutierrez,lAS9tTsA
27,garfield_manalaysay,w98cmos5
28,lizeth_villegas,yYOoPC3x
29,carol_ramos,BW2C574k
30,emelia_maceda,lv5hUnZL
31,delia_aguilar,Oz5fxlUT
32,johnrafael_castro,0Uqi19wr
33,carlosian_martinez,o6mWglRj
34,beatriz_santos,uEkkxoLY
